Implementation,Claim,Metric,OPT Mean,OPT Min,OPT Max,ABL Mean,ABL Min,ABL Max
ES,C1,Cost,0.11,0.086,0.123,1.854,1.854,1.854
ES,C1,Latency,22.8,19.0,25.6,239.1,222.5,271.6
ES,C1,Correctness,3/3,,,3/3,,
ES,C2,Cost,0.094,0.094,0.094,1.851,1.851,1.851
ES,C2,Latency,24.6,23.9,25.4,274.9,199.8,413.1
ES,C2,Correctness,3/3,,,3/3,,
ES,C3,Cost,0.478,0.334,0.552,2.679,2.658,2.693
ES,C3,Latency,51.5,40.3,59.9,557.0,203.5,752.4
ES,C3,Correctness,3/3,,,3/3,,
ES,C4,Cost,0.227,0.225,0.228,1.85,1.85,1.85
ES,C4,Latency,34.4,26.3,42.9,255.1,197.0,343.8
ES,C4,Correctness,3/3,,,0/3,,
ES,C5,Cost,1.157,1.121,1.194,2.014,2.014,2.014
ES,C5,Latency,156.4,137.3,177.6,219.3,207.7,238.6
ES,C5,Correctness,3/3,,,3/3,,
ES,C6,Cost,0.245,0.244,0.246,2.04,2.04,2.04
ES,C6,Latency,51.4,41.0,69.7,252.6,238.0,275.9
ES,C6,Correctness,3/3,,,3/3,,
ES,C7,Cost,0.392,0.278,0.551,2.019,2.019,2.019
ES,C7,Latency,60.8,41.9,76.1,221.4,211.8,238.8
ES,C7,Correctness,3/3,,,3/3,,
ES,C8,Cost,1.087,1.04,1.112,2.018,2.018,2.018
ES,C8,Latency,150.0,137.9,163.9,232.2,209.0,265.0
ES,C8,Correctness,3/3,,,3/3,,
ES,C13,Cost,0.176,0.139,0.195,2.83,2.829,2.832
ES,C13,Latency,44.4,41.6,46.0,395.6,332.8,504.3
ES,C13,Correctness,3/3,,,3/3,,
ES,C14,Cost,0.1,0.099,0.101,1.919,1.919,1.919
ES,C14,Latency,30.7,29.8,31.4,372.2,368.4,377.8
ES,C14,Correctness,0/3,,,0/3,,
ES,C15,Cost,0.111,0.085,0.161,1.915,1.915,1.915
ES,C15,Latency,21.8,18.8,25.6,382.4,329.7,438.3
ES,C15,Correctness,3/3,,,3/3,,
ES,C16,Cost,0.134,0.114,0.171,2.661,2.635,2.674
ES,C16,Latency,30.0,28.3,32.7,332.7,270.7,408.6
ES,C16,Correctness,3/3,,,3/3,,
RS,C2,Cost,0.094,0.094,0.094,0.527,0.118,1.126
RS,C2,Latency,24.6,23.9,25.4,65.7,20.5,132.6
RS,C2,Correctness,3/3,,,3/3,,
RS,C6,Cost,0.245,0.244,0.246,0.26,0.259,0.262
RS,C6,Latency,51.4,41.0,69.7,38.1,34.9,40.1
RS,C6,Correctness,3/3,,,3/3,,
RS,C7,Cost,0.392,0.278,0.551,0.303,0.257,0.328
RS,C7,Latency,60.8,41.9,76.1,46.1,38.9,52.2
RS,C7,Correctness,3/3,,,3/3,,
RS,C8,Cost,1.087,1.04,1.112,1.101,1.089,1.125
RS,C8,Latency,150.0,137.9,163.9,123.0,119.6,125.8
RS,C8,Correctness,3/3,,,3/3,,
RS,C13,Cost,0.176,0.139,0.195,1.014,0.846,1.128
RS,C13,Latency,44.4,41.6,46.0,195.5,124.1,244.4
RS,C13,Correctness,3/3,,,3/3,,
RS,C14,Cost,0.1,0.099,0.101,0.111,0.086,0.123
RS,C14,Latency,30.7,29.8,31.4,28.1,24.8,30.4
RS,C14,Correctness,0/3,,,0/3,,
ECS,C1,Cost,0.11,0.086,0.123,0.084,0.084,0.084
ECS,C1,Latency,22.8,19.0,25.6,20.4,19.7,21.7
ECS,C1,Correctness,3/3,,,3/3,,
ECS,C3,Cost,0.478,0.334,0.552,2.657,2.652,2.66
ECS,C3,Latency,51.5,40.3,59.9,223.4,215.0,235.6
ECS,C3,Correctness,3/3,,,3/3,,
ECS,C4,Cost,0.227,0.225,0.228,0.407,0.407,0.407
ECS,C4,Latency,34.4,26.3,42.9,52.8,46.9,62.6
ECS,C4,Correctness,3/3,,,0/3,,
ECS,C5,Cost,1.157,1.121,1.194,1.192,1.192,1.192
ECS,C5,Latency,156.4,137.3,177.6,158.0,155.5,160.2
ECS,C5,Correctness,3/3,,,3/3,,
ECS,C6,Cost,0.245,0.244,0.246,0.667,0.667,0.668
ECS,C6,Latency,51.4,41.0,69.7,98.5,84.5,120.3
ECS,C6,Correctness,3/3,,,3/3,,
ECS,C7,Cost,0.392,0.278,0.551,0.819,0.794,0.832
ECS,C7,Latency,60.8,41.9,76.1,149.6,111.1,215.4
ECS,C7,Correctness,3/3,,,3/3,,
ECS,C8,Cost,1.087,1.04,1.112,1.285,1.285,1.285
ECS,C8,Latency,150.0,137.9,163.9,193.8,167.1,216.8
ECS,C8,Correctness,3/3,,,3/3,,
ECS,C15,Cost,0.111,0.085,0.161,1.243,1.243,1.243
ECS,C15,Latency,21.8,18.8,25.6,164.5,139.0,178.0
ECS,C15,Correctness,3/3,,,3/3,,
ECS,C16,Cost,0.134,0.114,0.171,0.118,0.118,0.118
ECS,C16,Latency,30.0,28.3,32.7,24.7,23.4,27.1
ECS,C16,Correctness,3/3,,,3/3,,
OF,C3,Cost,0.478,0.334,0.552,0.448,0.421,0.498
OF,C3,Latency,51.5,40.3,59.9,80.8,65.5,109.5
OF,C3,Correctness,3/3,,,3/3,,
OF,C9,Cost,3.061,3.06,3.062,3.814,3.812,3.816
OF,C9,Latency,258.7,241.9,277.2,442.8,422.4,464.5
OF,C9,Correctness,3/3,,,3/3,,
OF,C10,Cost,0.048,0.048,0.048,0.048,0.048,0.048
OF,C10,Latency,20.3,19.9,20.6,26.9,25.1,28.1
OF,C10,Correctness,3/3,,,3/3,,
OF,C11,Cost,3.06,3.057,3.063,3.813,3.811,3.815
OF,C11,Latency,254.0,244.0,261.2,440.4,398.5,505.7
OF,C11,Correctness,3/3,,,3/3,,
OF,C12,Cost,0.049,0.049,0.049,0.049,0.049,0.049
OF,C12,Latency,21.5,20.7,22.7,28.6,27.3,29.5
OF,C12,Correctness,3/3,,,3/3,,
OF,C13,Cost,0.176,0.139,0.195,0.261,0.235,0.274
OF,C13,Latency,44.4,41.6,46.0,53.4,52.3,54.5
OF,C13,Correctness,3/3,,,3/3,,
OF,C16,Cost,0.134,0.114,0.171,1.809,1.8,1.825
OF,C16,Latency,30.0,28.3,32.7,206.6,202.7,213.2
OF,C16,Correctness,3/3,,,3/3,,
SF,C3,Cost,0.478,0.334,0.552,0.484,0.321,0.591
SF,C3,Latency,51.5,40.3,59.9,45.8,32.8,61.3
SF,C3,Correctness,3/3,,,3/3,,
SF,C9,Cost,3.061,3.06,3.062,3.062,3.061,3.063
SF,C9,Latency,258.7,241.9,277.2,402.8,264.5,492.8
SF,C9,Correctness,3/3,,,3/3,,
SF,C10,Cost,0.048,0.048,0.048,0.048,0.048,0.048
SF,C10,Latency,20.3,19.9,20.6,20.3,20.1,20.5
SF,C10,Correctness,3/3,,,3/3,,
SF,C11,Cost,3.06,3.057,3.063,3.061,3.06,3.062
SF,C11,Latency,254.0,244.0,261.2,402.0,373.6,421.2
SF,C11,Correctness,3/3,,,3/3,,
SF,C12,Cost,0.049,0.049,0.049,0.049,0.049,0.049
SF,C12,Latency,21.5,20.7,22.7,22.5,22.3,22.8
SF,C12,Correctness,3/3,,,3/3,,
SF,C13,Cost,0.176,0.139,0.195,0.162,0.125,0.18
SF,C13,Latency,44.4,41.6,46.0,52.2,39.6,70.3
SF,C13,Correctness,3/3,,,3/3,,
SF,C16,Cost,0.134,0.114,0.171,0.14,0.103,0.159
SF,C16,Latency,30.0,28.3,32.7,22.4,20.8,23.7
SF,C16,Correctness,3/3,,,3/3,,
PC,C9,Cost,3.061,3.06,3.062,3.063,3.062,3.063
PC,C9,Latency,258.7,241.9,277.2,271.6,246.1,304.2
PC,C9,Correctness,3/3,,,3/3,,
PC,C10,Cost,0.048,0.048,0.048,3.061,3.06,3.062
PC,C10,Latency,20.3,19.9,20.6,325.3,244.1,392.7
PC,C10,Correctness,3/3,,,3/3,,
PC,C11,Cost,3.06,3.057,3.063,3.062,3.059,3.067
PC,C11,Latency,254.0,244.0,261.2,459.3,379.4,580.4
PC,C11,Correctness,3/3,,,3/3,,
PC,C12,Cost,0.049,0.049,0.049,3.064,3.062,3.068
PC,C12,Latency,21.5,20.7,22.7,381.0,368.4,395.7
PC,C12,Correctness,3/3,,,3/3,,
